id,name,position,salary
1,John Doe,Software Engineer,50000
2,Jane Doe,Data Scientist,60000
3,Jane Doe,Software Engineer,70000
4,Jane Doe,Data Scientist,80000
5,Jane Doe,Software Engineer,90000

1.ระบบจองออนไลน์: สร้างระบบที่ผู้ใช้สามารถจองคิวออนไลน์ได้ผ่านเว็บไซต์หรือแอปพลิเคชันโดยตรง โดยมีการแสดงข้อมูลว่ามีประตูโกดังขนาดใดที่ว่างอยู่และสามารถรับรถเข้าไปได้ ผู้ใช้จะสามารถเลือกวันที่และเวลาที่ต้องการเข้ารับบริการ และระบบจะตอบสนองด้วยการจองคิวให้ตรงกับความต้องการของผู้ใช้

2.การแจ้งเตือนผ่าน SMS หรืออีเมล: ระบบสามารถส่งข้อความแจ้งเตือนผ่านทาง SMS หรืออีเมลไปยังผู้ใช้เมื่อคิวของพวกเขาเริ่มใกล้เข้ามา หรือเมื่อมีการเปลี่ยนแปลงในคิว

3.จัดการคิวอัตโนมัติ: ใช้เทคโนโลยีอัตโนมัติเพื่อตรวจสอบคิวและจัดเรียงให้เป็นลำดับตามเวลาและประเภทของรถ ระบบอาจใช้เซ็นเซอร์หรือเทคโนโลยี IoT เพื่อตรวจจับรถที่เข้ามาและอัปเดตสถานะของคิวให้โดยอัตโนมัติ

4.แผนที่และการนำทาง: ระบบสามารถแสดงแผนที่ของโกดังโหลดและแสดงเส้นทางที่เหมาะสมสำหรับรถของผู้ใช้ เพื่อช่วยให้พวกเขาสามารถเดินทางไปยังสถานที่ได้อย่างรวดเร็ว

5.การจัดเก็บข้อมูลและรายงาน: ระบบสามารถเก็บข้อมูลเกี่ยวกับคิวที่ผ่านมาและสร้างรายงานเกี่ยวกับประสิทธิภาพการทำงานของโปรแกรม เช่น เวลาที่ใช้ในการบริการแต่ละคันรถ หรือจำนวนคิวที่รอ
การสร้างโปรแกรมที่เพิ่มความสะดวกสบายและป้องกันการทับคิวกันนั้น เป็นงานที่ท้าทายและต้องการการวางแผนและการออกแบบที่ดี แต่มันสามารถช่วยให้การจัดการคิวและรถเข้าสู่โกดังโหลดให้ง่ายและมีประสิทธิภาพมากขึ้นได้ในที่สุด หวังว่าคำแนะนำเหล่านี้จะเป็นประโยชน์สำหรับคุณในการสร้างโปรแกรมของคุณ!

ซึ่งในแต่ละทาง อาจจะมีการผิดพลาดของคิว และ ถ้าไม่มีระบบ manual ก็จะเป็นการเสี่ยง Critical เพราะว่า ถ้าระบบล่มคิวทุกอย่างก็จะชนกัน ระบบนี้จึงต้องระมัดระวังการจองคิวทับกันหรือคนที่ไม่ทราบว่าต้องมีการจองคิวและแซงคิวท่านอื่นครับ เราจึงอาจจะต้องมาการ Training กับพนักงานและคนขับรถร่วมกันด้วย
แต่ก็ต้องสะกัดไว้ว่าถ้า เลยเวลาที่กำหนดก็จะถึงคิวทัดไปทันที 

ในส่วนการวาง Database 

1.ตาราง Users: เก็บข้อมูลของผู้ใช้งาน เช่น ชื่อ, อีเมล, รหัสผ่าน, เบอร์โทรศัพท์ 

ชื่อฟิลด์	    ประเภทข้อมูล	        คำอธิบาย
user_id	        INT	                รหัสผู้ใช้
username	    VARCHAR	            ชื่อผู้ใช้
email	        VARCHAR	            อีเมล
password	    VARCHAR	            รหัสผ่าน
phone_number    VARCHAR	            เบอร์โทรศัพท์
created_at	    DATETIME	        วันที่สร้างบัญชี

2.ตาราง Vehicles: เก็บข้อมูลของรถ เช่น ประเภทรถ, หมายเลขทะเบียน, วันที่เข้าใช้บริการ 

ชื่อฟิลด์	       ประเภทข้อมูล	        คำอธิบาย
vehicle_id	    INT	                รหัสรถ
vehicle_type	VARCHAR	            ประเภทรถ
license_plate	VARCHAR	            หมายเลขทะเบียน
arrival_time	DATETIME	        เวลาที่เข้าใช้บริการ

3.ตาราง Queues: เก็บข้อมูลเกี่ยวกับคิว เช่น ผู้ใช้ที่จองคิว, รถที่จะเข้าใช้บริการ, เวลาที่จองคิว

ชื่อฟิลด์	    ประเภทข้อมูล	        คำอธิบาย
queue_id	    INT	                รหัสคิว
user_id	        INT	                รหัสผู้ใช้งาน
vehicle_id	    INT	                รหัสรถที่จองคิว
booking_time	DATETIME	        เวลาที่จองคิว
status	        VARCHAR	            สถานะของคิว (รอ/เสร็จสิ้น)

4.ตาราง Admins: เก็บข้อมูลของผู้ดูแลระบบ เช่น ชื่อผู้ดูแล, อีเมล, รหัสผ่าน

ชื่อฟิลด์	    ประเภทข้อมูล	    คำอธิบาย
admin_id	    INT	            รหัสผู้ดูแลระบบ
username	    VARCHAR	        ชื่อผู้ใช้
email	        VARCHAR	        อีเมล
password	    VARCHAR	        รหัสผ่าน





